processed_EMSR207_08CERNACHEDOBONJARDIM_02GRADING_MAP_v2_vector,EMSR214_05LELAVANDOU_02GRADING_MAP_v1_vector
processed_EMSR298_05STRANDASMYRVALLEN_02GRADING_MAP_v1_vector,EMSR254_02SILVAN_02GRADING_MAP_v2_vector
processed_EMSR214_02LABASTIDONNE_02GRADING_MAP_v1_vector,EMSR214_04MARSEILLE_02GRADING_MAP_v1_vector
processed_EMSR213_03FRANCOFONTE_02GRADING_MAP_v1_vector,EMSR209_03LOSCABEZUDOS_02GRADING_MAP_v1_vector
processed_EMSR210_04TRASLASIERRA_02GRADING_MAP_v2_vector,EMSR227_04TRUCHILLAS_02GRADING_MAP_v2_vector
processed_EMSR217_02VRANISHT_02GRADING_MAP_v1_vector,EMSR217_04DAJTI_02GRADING_MAP_v1_vector
processed_EMSR254_02SILVAN_02GRADING_MAP_v2_vector,EMSR210_04TRASLASIERRA_02GRADING_MAP_v2_vector
processed_EMSR207_07ALVAIAZERE_02GRADING_MAP_v2_vector,EMSR213_10MESSINA_02GRADING_MAP_v1_vector
processed_EMSR219_01SEGURADELASIERRA_02GRADING_MAP_v1_vector,EMSR217_03SLLATINE_02GRADING_MAP_v2_vector
processed_EMSR207_03PAMPILHOSADASERRA_02GRADING_MAP_v2_vector,EMSR237_03ELMADRONO_02GRADING_MAP_v1_vector
processed_EMSR207_04AVELAR_02GRADING_MAP_v2_vector,EMSR207_07ALVAIAZERE_02GRADING_MAP_v2_vector
processed_EMSR237_03ELMADRONO_02GRADING_MAP_v1_vector,EMSR209_01MOGUER_02GRADING_MAP_v2_vector
processed_EMSR209_01MOGUER_02GRADING_MAP_v2_vector,EMSR211_02SONEJA_02GRADING_MAP_v1_vector
processed_EMSR214_06COGOLIN_02GRADING_MAP_v2_vector,EMSR214_06COGOLIN_02GRADING_MAP_v2_vector
processed_EMSR210_03ELCAMPILLO_02GRADING_MAP_v1_vector,EMSR252_02HAUTECORSEDETAIL_02GRADING_MAP_v1_vector
processed_EMSR213_08BLUFI_02GRADING_MAP_v2_vector,EMSR213_11NASO_02GRADING_MAP_v1_vector
processed_EMSR254_03PERENADELARIBERA_02GRADING_MAP_v2_vector,EMSR213_01VESUVIO_02GRADING_MAP_v2_vector
processed_EMSR210_05ELCAMPILLOOVERVIEW_02GRADING_MAP_v1_vector,EMSR237_04ELCASTILLODELASGUARDAS_02GRADING_MAP_v1_vector
processed_EMSR207_06MADEIRA_02GRADING_MAP_v2_vector,EMSR226_01DABA_02GRADING_MAP_v1_vector
processed_EMSR213_12ETNANORD_02GRADING_MAP_v1_vector,EMSR213_09MISTRETTA_02GRADING_MAP_v2_vector
processed_EMSR209_03LOSCABEZUDOS_02GRADING_MAP_v1_vector,EMSR254_03PERENADELARIBERA_02GRADING_MAP_v2_vector
processed_EMSR207_10ORVALHO_02GRADING_MAP_v2_vector,EMSR227_03SANTAEULALIADECABRERA_02GRADING_MAP_v2_vector
processed_EMSR227_01ENCINEDO_02GRADING_MAP_v2_vector,EMSR213_12ETNANORD_02GRADING_MAP_v1_vector
processed_EMSR227_02CORPORALES_02GRADING_MAP_v2_vector,EMSR210_05ELCAMPILLOOVERVIEW_02GRADING_MAP_v1_vector
processed_EMSR237_04ELCASTILLODELASGUARDAS_02GRADING_MAP_v1_vector,EMSR207_06MADEIRA_02GRADING_MAP_v2_vector
processed_EMSR207_05PEDROGAOGRANDE_02GRADING_MAP_v2_vector,EMSR210_03ELCAMPILLO_02GRADING_MAP_v1_vector
processed_EMSR214_04MARSEILLE_02GRADING_MAP_v1_vector,EMSR207_05PEDROGAOGRANDE_02GRADING_MAP_v2_vector
processed_EMSR214_01OLMETA_02GRADING_MAP_v2_vector,EMSR207_10ORVALHO_02GRADING_MAP_v2_vector
processed_EMSR250_04CORTES_02GRADING_MAP_v2_vector,EMSR239_05ALMADENDELAPLATAOVERVIEW_02GRADING_MAP_v1_vector
processed_EMSR214_05LELAVANDOU_02GRADING_MAP_v1_vector,EMSR209_05MAZAGONDETAIL01_02GRADING_MAP_v1_vector
processed_EMSR207_01MIRANDADOCORVO_02GRADING_MAP_v2_vector,EMSR227_02CORPORALES_02GRADING_MAP_v2_vector
processed_EMSR213_04AVOLA_02GRADING_MAP_v1_vector,EMSR213_06MONREALE_02GRADING_MAP_v2_vector
processed_EMSR226_01DABA_02GRADING_MAP_v1_vector,EMSR211_01SONEJAWEST_02GRADING_MAP_v1_vector
processed_EMSR209_05MAZAGONDETAIL01_02GRADING_MAP_v1_vector,EMSR207_02LOUSA_02GRADING_MAP_v2_vector
processed_EMSR217_01DUKAT_02GRADING_MAP_v2_vector,EMSR207_03PAMPILHOSADASERRA_02GRADING_MAP_v2_vector
processed_EMSR252_02HAUTECORSEDETAIL_02GRADING_MAP_v1_vector,EMSR209_02MAZAGON_02GRADING_MAP_v2_vector
processed_EMSR217_03SLLATINE_02GRADING_MAP_v2_vector,EMSR209_04CHOZASDELAPOLEOSA_02GRADING_MAP_v1_vector
processed_EMSR213_10MESSINA_02GRADING_MAP_v1_vector,EMSR207_08CERNACHEDOBONJARDIM_02GRADING_MAP_v2_vector
processed_EMSR213_09MISTRETTA_02GRADING_MAP_v2_vector,EMSR217_02VRANISHT_02GRADING_MAP_v1_vector
processed_EMSR239_05ALMADENDELAPLATAOVERVIEW_02GRADING_MAP_v1_vector,EMSR207_01MIRANDADOCORVO_02GRADING_MAP_v2_vector
processed_EMSR209_04CHOZASDELAPOLEOSA_02GRADING_MAP_v1_vector,EMSR281_01KIRTOMY_02GRADING_MAP_v1_vector
processed_EMSR213_11NASO_02GRADING_MAP_v1_vector,EMSR250_04CORTES_02GRADING_MAP_v2_vector
processed_EMSR209_02MAZAGON_02GRADING_MAP_v2_vector,EMSR298_05STRANDASMYRVALLEN_02GRADING_MAP_v1_vector
processed_EMSR227_04TRUCHILLAS_02GRADING_MAP_v2_vector,EMSR219_01SEGURADELASIERRA_02GRADING_MAP_v1_vector
processed_EMSR213_06MONREALE_02GRADING_MAP_v2_vector,EMSR227_01ENCINEDO_02GRADING_MAP_v2_vector
processed_EMSR254_01PORTELADEAGUIAR_02GRADING_MAP_v2_vector,EMSR207_04AVELAR_02GRADING_MAP_v2_vector
processed_EMSR207_02LOUSA_02GRADING_MAP_v2_vector,EMSR214_02LABASTIDONNE_02GRADING_MAP_v1_vector
processed_EMSR217_04DAJTI_02GRADING_MAP_v1_vector,EMSR213_07SANVITOLOCAPO_02GRADING_MAP_v2_vector
processed_EMSR281_01KIRTOMY_02GRADING_MAP_v1_vector,EMSR214_01OLMETA_02GRADING_MAP_v2_vector
processed_EMSR227_03SANTAEULALIADECABRERA_02GRADING_MAP_v2_vector,EMSR213_03FRANCOFONTE_02GRADING_MAP_v1_vector
processed_EMSR211_01SONEJAWEST_02GRADING_MAP_v1_vector,EMSR213_08BLUFI_02GRADING_MAP_v2_vector
processed_EMSR213_01VESUVIO_02GRADING_MAP_v2_vector,EMSR213_04AVOLA_02GRADING_MAP_v1_vector
processed_EMSR213_07SANVITOLOCAPO_02GRADING_MAP_v2_vector,EMSR217_01DUKAT_02GRADING_MAP_v2_vector
processed_EMSR211_02SONEJA_02GRADING_MAP_v1_vector,EMSR254_01PORTELADEAGUIAR_02GRADING_MAP_v2_vector
