IDX,IMG_SHAPE,MASK_SHAPE,NUMEL_IMG,NUMEL_MASK,STORAGE_IMG,STORAGE_MASK
0,torch.Size([3, 512, 512]),torch.Size([1, 512, 512]),786432,262144,False,False
1,torch.Size([3, 512, 512]),torch.Size([1, 512, 512]),786432,262144,False,False
2,torch.Size([3, 512, 512]),torch.Size([1, 512, 512]),786432,262144,False,False
3,torch.Size([3, 512, 512]),torch.Size([1, 512, 512]),786432,262144,False,False
4,torch.Size([3, 512, 512]),torch.Size([1, 512, 512]),786432,262144,False,False
5,torch.Size([3, 512, 512]),torch.Size([1, 512, 512]),786432,262144,False,False
6,torch.Size([3, 512, 512]),torch.Size([1, 512, 512]),786432,262144,False,False
7,torch.Size([3, 512, 512]),torch.Size([1, 512, 512]),786432,262144,False,False
8,torch.Size([3, 512, 512]),torch.Size([1, 512, 512]),786432,262144,False,False
9,torch.Size([3, 512, 512]),torch.Size([1, 512, 512]),786432,262144,False,False
10,torch.Size([3, 512, 512]),torch.Size([1, 512, 512]),786432,262144,False,False
11,torch.Size([3, 512, 512]),torch.Size([1, 512, 512]),786432,262144,False,False
12,torch.Size([3, 512, 512]),torch.Size([1, 512, 512]),786432,262144,False,False
13,torch.Size([3, 512, 512]),torch.Size([1, 512, 512]),786432,262144,False,False
14,torch.Size([3, 512, 512]),torch.Size([1, 512, 512]),786432,262144,False,False
15,torch.Size([3, 512, 512]),torch.Size([1, 512, 512]),786432,262144,False,False
16,torch.Size([3, 512, 512]),torch.Size([1, 512, 512]),786432,262144,False,False
17,torch.Size([3, 512, 512]),torch.Size([1, 512, 512]),786432,262144,False,False
18,torch.Size([3, 512, 512]),torch.Size([1, 512, 512]),786432,262144,False,False
19,torch.Size([3, 512, 512]),torch.Size([1, 512, 512]),786432,262144,False,False
20,torch.Size([3, 512, 512]),torch.Size([1, 512, 512]),786432,262144,False,False
21,torch.Size([3, 512, 512]),torch.Size([1, 512, 512]),786432,262144,False,False
22,torch.Size([3, 512, 512]),torch.Size([1, 512, 512]),786432,262144,False,False
23,torch.Size([3, 512, 512]),torch.Size([1, 512, 512]),786432,262144,False,False
24,torch.Size([3, 512, 512]),torch.Size([1, 512, 512]),786432,262144,False,False
25,torch.Size([3, 512, 512]),torch.Size([1, 512, 512]),786432,262144,False,False
26,torch.Size([3, 512, 512]),torch.Size([1, 512, 512]),786432,262144,False,False
27,torch.Size([3, 512, 512]),torch.Size([1, 512, 512]),786432,262144,False,False
28,torch.Size([3, 512, 512]),torch.Size([1, 512, 512]),786432,262144,False,False
29,torch.Size([3, 512, 512]),torch.Size([1, 512, 512]),786432,262144,False,False
30,torch.Size([3, 512, 512]),torch.Size([1, 512, 512]),786432,262144,False,False
31,torch.Size([3, 512, 512]),torch.Size([1, 512, 512]),786432,262144,False,False
32,torch.Size([3, 512, 512]),torch.Size([1, 512, 512]),786432,262144,False,False
33,torch.Size([3, 512, 512]),torch.Size([1, 512, 512]),786432,262144,False,False
34,torch.Size([3, 512, 512]),torch.Size([1, 512, 512]),786432,262144,False,False
35,torch.Size([3, 512, 512]),torch.Size([1, 512, 512]),786432,262144,False,False
36,torch.Size([3, 512, 512]),torch.Size([1, 512, 512]),786432,262144,False,False
37,torch.Size([3, 512, 512]),torch.Size([1, 512, 512]),786432,262144,False,False
38,torch.Size([3, 512, 512]),torch.Size([1, 512, 512]),786432,262144,False,False
39,torch.Size([3, 512, 512]),torch.Size([1, 512, 512]),786432,262144,False,False
40,torch.Size([3, 512, 512]),torch.Size([1, 512, 512]),786432,262144,False,False
41,torch.Size([3, 512, 512]),torch.Size([1, 512, 512]),786432,262144,False,False
42,torch.Size([3, 512, 512]),torch.Size([1, 512, 512]),786432,262144,False,False
43,torch.Size([3, 512, 512]),torch.Size([1, 512, 512]),786432,262144,False,False
44,torch.Size([3, 512, 512]),torch.Size([1, 512, 512]),786432,262144,False,False
45,torch.Size([3, 512, 512]),torch.Size([1, 512, 512]),786432,262144,False,False
46,torch.Size([3, 512, 512]),torch.Size([1, 512, 512]),786432,262144,False,False
47,torch.Size([3, 512, 512]),torch.Size([1, 512, 512]),786432,262144,False,False
48,torch.Size([3, 512, 512]),torch.Size([1, 512, 512]),786432,262144,False,False
49,torch.Size([3, 512, 512]),torch.Size([1, 512, 512]),786432,262144,False,False
50,torch.Size([3, 512, 512]),torch.Size([1, 512, 512]),786432,262144,False,False
51,torch.Size([3, 512, 512]),torch.Size([1, 512, 512]),786432,262144,False,False
52,torch.Size([3, 512, 512]),torch.Size([1, 512, 512]),786432,262144,False,False
53,torch.Size([3, 512, 512]),torch.Size([1, 512, 512]),786432,262144,False,False
54,torch.Size([3, 512, 512]),torch.Size([1, 512, 512]),786432,262144,False,False
55,torch.Size([3, 512, 512]),torch.Size([1, 512, 512]),786432,262144,False,False
56,torch.Size([3, 512, 512]),torch.Size([1, 512, 512]),786432,262144,False,False
57,torch.Size([3, 512, 512]),torch.Size([1, 512, 512]),786432,262144,False,False
58,torch.Size([3, 512, 512]),torch.Size([1, 512, 512]),786432,262144,False,False
59,torch.Size([3, 512, 512]),torch.Size([1, 512, 512]),786432,262144,False,False
60,torch.Size([3, 512, 512]),torch.Size([1, 512, 512]),786432,262144,False,False
61,torch.Size([3, 512, 512]),torch.Size([1, 512, 512]),786432,262144,False,False
62,torch.Size([3, 512, 512]),torch.Size([1, 512, 512]),786432,262144,False,False
63,torch.Size([3, 512, 512]),torch.Size([1, 512, 512]),786432,262144,False,False
64,torch.Size([3, 512, 512]),torch.Size([1, 512, 512]),786432,262144,False,False
65,torch.Size([3, 512, 512]),torch.Size([1, 512, 512]),786432,262144,False,False
66,torch.Size([3, 512, 512]),torch.Size([1, 512, 512]),786432,262144,False,False
67,torch.Size([3, 512, 512]),torch.Size([1, 512, 512]),786432,262144,False,False
68,torch.Size([3, 512, 512]),torch.Size([1, 512, 512]),786432,262144,False,False
69,torch.Size([3, 512, 512]),torch.Size([1, 512, 512]),786432,262144,False,False
70,torch.Size([3, 512, 512]),torch.Size([1, 512, 512]),786432,262144,False,False
71,torch.Size([3, 512, 512]),torch.Size([1, 512, 512]),786432,262144,False,False
72,torch.Size([3, 512, 512]),torch.Size([1, 512, 512]),786432,262144,False,False
73,torch.Size([3, 512, 512]),torch.Size([1, 512, 512]),786432,262144,False,False
74,torch.Size([3, 512, 512]),torch.Size([1, 512, 512]),786432,262144,False,False
75,torch.Size([3, 512, 512]),torch.Size([1, 512, 512]),786432,262144,False,False
76,torch.Size([3, 512, 512]),torch.Size([1, 512, 512]),786432,262144,False,False
77,torch.Size([3, 512, 512]),torch.Size([1, 512, 512]),786432,262144,False,False
78,torch.Size([3, 512, 512]),torch.Size([1, 512, 512]),786432,262144,False,False
79,torch.Size([3, 512, 512]),torch.Size([1, 512, 512]),786432,262144,False,False
80,torch.Size([3, 512, 512]),torch.Size([1, 512, 512]),786432,262144,False,False
81,torch.Size([3, 512, 512]),torch.Size([1, 512, 512]),786432,262144,False,False
82,torch.Size([3, 512, 512]),torch.Size([1, 512, 512]),786432,262144,False,False
83,torch.Size([3, 512, 512]),torch.Size([1, 512, 512]),786432,262144,False,False
84,torch.Size([3, 512, 512]),torch.Size([1, 512, 512]),786432,262144,False,False
85,torch.Size([3, 512, 512]),torch.Size([1, 512, 512]),786432,262144,False,False
86,torch.Size([3, 512, 512]),torch.Size([1, 512, 512]),786432,262144,False,False
87,torch.Size([3, 512, 512]),torch.Size([1, 512, 512]),786432,262144,False,False
88,torch.Size([3, 512, 512]),torch.Size([1, 512, 512]),786432,262144,False,False
89,torch.Size([3, 512, 512]),torch.Size([1, 512, 512]),786432,262144,False,False
90,torch.Size([3, 512, 512]),torch.Size([1, 512, 512]),786432,262144,False,False
91,torch.Size([3, 512, 512]),torch.Size([1, 512, 512]),786432,262144,False,False
92,torch.Size([3, 512, 512]),torch.Size([1, 512, 512]),786432,262144,False,False
93,torch.Size([3, 512, 512]),torch.Size([1, 512, 512]),786432,262144,False,False
94,torch.Size([3, 512, 512]),torch.Size([1, 512, 512]),786432,262144,False,False
95,torch.Size([3, 512, 512]),torch.Size([1, 512, 512]),786432,262144,False,False
96,torch.Size([3, 512, 512]),torch.Size([1, 512, 512]),786432,262144,False,False
97,torch.Size([3, 512, 512]),torch.Size([1, 512, 512]),786432,262144,False,False
98,torch.Size([3, 512, 512]),torch.Size([1, 512, 512]),786432,262144,False,False
99,torch.Size([3, 512, 512]),torch.Size([1, 512, 512]),786432,262144,False,False
100,torch.Size([3, 512, 512]),torch.Size([1, 512, 512]),786432,262144,False,False
101,torch.Size([3, 512, 512]),torch.Size([1, 512, 512]),786432,262144,False,False
102,torch.Size([3, 512, 512]),torch.Size([1, 512, 512]),786432,262144,False,False
103,torch.Size([3, 512, 512]),torch.Size([1, 512, 512]),786432,262144,False,False
104,torch.Size([3, 512, 512]),torch.Size([1, 512, 512]),786432,262144,False,False
105,torch.Size([3, 512, 512]),torch.Size([1, 512, 512]),786432,262144,False,False
106,torch.Size([3, 512, 512]),torch.Size([1, 512, 512]),786432,262144,False,False
107,torch.Size([3, 512, 512]),torch.Size([1, 512, 512]),786432,262144,False,False
108,torch.Size([3, 512, 512]),torch.Size([1, 512, 512]),786432,262144,False,False
109,torch.Size([3, 512, 512]),torch.Size([1, 512, 512]),786432,262144,False,False
110,torch.Size([3, 512, 512]),torch.Size([1, 512, 512]),786432,262144,False,False
111,torch.Size([3, 512, 512]),torch.Size([1, 512, 512]),786432,262144,False,False
112,torch.Size([3, 512, 512]),torch.Size([1, 512, 512]),786432,262144,False,False
113,torch.Size([3, 512, 512]),torch.Size([1, 512, 512]),786432,262144,False,False
114,torch.Size([3, 512, 512]),torch.Size([1, 512, 512]),786432,262144,False,False
115,torch.Size([3, 512, 512]),torch.Size([1, 512, 512]),786432,262144,False,False
116,torch.Size([3, 512, 512]),torch.Size([1, 512, 512]),786432,262144,False,False
117,torch.Size([3, 512, 512]),torch.Size([1, 512, 512]),786432,262144,False,False
118,torch.Size([3, 512, 512]),torch.Size([1, 512, 512]),786432,262144,False,False
119,torch.Size([3, 512, 512]),torch.Size([1, 512, 512]),786432,262144,False,False
120,torch.Size([3, 512, 512]),torch.Size([1, 512, 512]),786432,262144,False,False
121,torch.Size([3, 512, 512]),torch.Size([1, 512, 512]),786432,262144,False,False
122,torch.Size([3, 512, 512]),torch.Size([1, 512, 512]),786432,262144,False,False
123,torch.Size([3, 279, 341]),torch.Size([1, 279, 341]),285417,95139,False,False
124,torch.Size([3, 512, 512]),torch.Size([1, 512, 512]),786432,262144,False,False
125,torch.Size([3, 512, 512]),torch.Size([1, 512, 512]),786432,262144,False,False
126,torch.Size([3, 512, 512]),torch.Size([1, 512, 512]),786432,262144,False,False
127,torch.Size([3, 512, 512]),torch.Size([1, 512, 512]),786432,262144,False,False
128,torch.Size([3, 512, 512]),torch.Size([1, 512, 512]),786432,262144,False,False
129,torch.Size([3, 512, 512]),torch.Size([1, 512, 512]),786432,262144,False,False
130,torch.Size([3, 447, 512]),torch.Size([1, 447, 512]),686592,228864,False,False
131,torch.Size([3, 447, 512]),torch.Size([1, 447, 512]),686592,228864,False,False
132,torch.Size([3, 512, 512]),torch.Size([1, 512, 512]),786432,262144,False,False
133,torch.Size([3, 512, 512]),torch.Size([1, 512, 512]),786432,262144,False,False
134,torch.Size([3, 512, 512]),torch.Size([1, 512, 512]),786432,262144,False,False
135,torch.Size([3, 512, 512]),torch.Size([1, 512, 512]),786432,262144,False,False
136,torch.Size([3, 512, 512]),torch.Size([1, 512, 512]),786432,262144,False,False
137,torch.Size([3, 512, 512]),torch.Size([1, 512, 512]),786432,262144,False,False
138,torch.Size([3, 512, 512]),torch.Size([1, 512, 512]),786432,262144,False,False
139,torch.Size([3, 512, 512]),torch.Size([1, 512, 512]),786432,262144,False,False
140,torch.Size([3, 512, 512]),torch.Size([1, 512, 512]),786432,262144,False,False
141,torch.Size([3, 512, 512]),torch.Size([1, 512, 512]),786432,262144,False,False
142,torch.Size([3, 512, 512]),torch.Size([1, 512, 512]),786432,262144,False,False
143,torch.Size([3, 512, 512]),torch.Size([1, 512, 512]),786432,262144,False,False
144,torch.Size([3, 512, 512]),torch.Size([1, 512, 512]),786432,262144,False,False
145,torch.Size([3, 512, 512]),torch.Size([1, 512, 512]),786432,262144,False,False
146,torch.Size([3, 512, 512]),torch.Size([1, 512, 512]),786432,262144,False,False
147,torch.Size([3, 512, 512]),torch.Size([1, 512, 512]),786432,262144,False,False
148,torch.Size([3, 512, 512]),torch.Size([1, 512, 512]),786432,262144,False,False
149,torch.Size([3, 512, 512]),torch.Size([1, 512, 512]),786432,262144,False,False
150,torch.Size([3, 512, 512]),torch.Size([1, 512, 512]),786432,262144,False,False
151,torch.Size([3, 512, 512]),torch.Size([1, 512, 512]),786432,262144,False,False
152,torch.Size([3, 512, 512]),torch.Size([1, 512, 512]),786432,262144,False,False
153,torch.Size([3, 512, 512]),torch.Size([1, 512, 512]),786432,262144,False,False
154,torch.Size([3, 512, 512]),torch.Size([1, 512, 512]),786432,262144,False,False
155,torch.Size([3, 512, 512]),torch.Size([1, 512, 512]),786432,262144,False,False
156,torch.Size([3, 512, 512]),torch.Size([1, 512, 512]),786432,262144,False,False
157,torch.Size([3, 512, 512]),torch.Size([1, 512, 512]),786432,262144,False,False
158,torch.Size([3, 512, 512]),torch.Size([1, 512, 512]),786432,262144,False,False
159,torch.Size([3, 512, 512]),torch.Size([1, 512, 512]),786432,262144,False,False
160,torch.Size([3, 512, 512]),torch.Size([1, 512, 512]),786432,262144,False,False
161,torch.Size([3, 512, 512]),torch.Size([1, 512, 512]),786432,262144,False,False
162,torch.Size([3, 512, 512]),torch.Size([1, 512, 512]),786432,262144,False,False
163,torch.Size([3, 512, 512]),torch.Size([1, 512, 512]),786432,262144,False,False
164,torch.Size([3, 512, 512]),torch.Size([1, 512, 512]),786432,262144,False,False
165,torch.Size([3, 512, 512]),torch.Size([1, 512, 512]),786432,262144,False,False
166,torch.Size([3, 512, 512]),torch.Size([1, 512, 512]),786432,262144,False,False
167,torch.Size([3, 512, 512]),torch.Size([1, 512, 512]),786432,262144,False,False
168,torch.Size([3, 512, 512]),torch.Size([1, 512, 512]),786432,262144,False,False
169,torch.Size([3, 512, 512]),torch.Size([1, 512, 512]),786432,262144,False,False
170,torch.Size([3, 512, 512]),torch.Size([1, 512, 512]),786432,262144,False,False
171,torch.Size([3, 512, 512]),torch.Size([1, 512, 512]),786432,262144,False,False
172,torch.Size([3, 512, 512]),torch.Size([1, 512, 512]),786432,262144,False,False
173,torch.Size([3, 512, 512]),torch.Size([1, 512, 512]),786432,262144,False,False
174,torch.Size([3, 512, 512]),torch.Size([1, 512, 512]),786432,262144,False,False
175,torch.Size([3, 512, 512]),torch.Size([1, 512, 512]),786432,262144,False,False
176,torch.Size([3, 512, 512]),torch.Size([1, 512, 512]),786432,262144,False,False
177,torch.Size([3, 512, 512]),torch.Size([1, 512, 512]),786432,262144,False,False
178,torch.Size([3, 512, 512]),torch.Size([1, 512, 512]),786432,262144,False,False
179,torch.Size([3, 512, 512]),torch.Size([1, 512, 512]),786432,262144,False,False
180,torch.Size([3, 512, 512]),torch.Size([1, 512, 512]),786432,262144,False,False
181,torch.Size([3, 512, 512]),torch.Size([1, 512, 512]),786432,262144,False,False
182,torch.Size([3, 512, 512]),torch.Size([1, 512, 512]),786432,262144,False,False
183,torch.Size([3, 512, 512]),torch.Size([1, 512, 512]),786432,262144,False,False
184,torch.Size([3, 512, 512]),torch.Size([1, 512, 512]),786432,262144,False,False
185,torch.Size([3, 512, 512]),torch.Size([1, 512, 512]),786432,262144,False,False
186,torch.Size([3, 512, 512]),torch.Size([1, 512, 512]),786432,262144,False,False
187,torch.Size([3, 512, 512]),torch.Size([1, 512, 512]),786432,262144,False,False
188,torch.Size([3, 512, 512]),torch.Size([1, 512, 512]),786432,262144,False,False
189,torch.Size([3, 512, 512]),torch.Size([1, 512, 512]),786432,262144,False,False
190,torch.Size([3, 512, 512]),torch.Size([1, 512, 512]),786432,262144,False,False
191,torch.Size([3, 512, 512]),torch.Size([1, 512, 512]),786432,262144,False,False
192,torch.Size([3, 512, 512]),torch.Size([1, 512, 512]),786432,262144,False,False
193,torch.Size([3, 512, 512]),torch.Size([1, 512, 512]),786432,262144,False,False
194,torch.Size([3, 512, 512]),torch.Size([1, 512, 512]),786432,262144,False,False
195,torch.Size([3, 512, 512]),torch.Size([1, 512, 512]),786432,262144,False,False
196,torch.Size([3, 512, 512]),torch.Size([1, 512, 512]),786432,262144,False,False
197,torch.Size([3, 512, 512]),torch.Size([1, 512, 512]),786432,262144,False,False
198,torch.Size([3, 512, 512]),torch.Size([1, 512, 512]),786432,262144,False,False
199,torch.Size([3, 512, 512]),torch.Size([1, 512, 512]),786432,262144,False,False
200,torch.Size([3, 512, 512]),torch.Size([1, 512, 512]),786432,262144,False,False
201,torch.Size([3, 512, 512]),torch.Size([1, 512, 512]),786432,262144,False,False
202,torch.Size([3, 512, 512]),torch.Size([1, 512, 512]),786432,262144,False,False
203,torch.Size([3, 512, 512]),torch.Size([1, 512, 512]),786432,262144,False,False
204,torch.Size([3, 512, 512]),torch.Size([1, 512, 512]),786432,262144,False,False
205,torch.Size([3, 512, 512]),torch.Size([1, 512, 512]),786432,262144,False,False
206,torch.Size([3, 512, 512]),torch.Size([1, 512, 512]),786432,262144,False,False
207,torch.Size([3, 512, 512]),torch.Size([1, 512, 512]),786432,262144,False,False
208,torch.Size([3, 512, 512]),torch.Size([1, 512, 512]),786432,262144,False,False
209,torch.Size([3, 512, 512]),torch.Size([1, 512, 512]),786432,262144,False,False
210,torch.Size([3, 512, 512]),torch.Size([1, 512, 512]),786432,262144,False,False
211,torch.Size([3, 512, 512]),torch.Size([1, 512, 512]),786432,262144,False,False
212,torch.Size([3, 512, 512]),torch.Size([1, 512, 512]),786432,262144,False,False
213,torch.Size([3, 512, 512]),torch.Size([1, 512, 512]),786432,262144,False,False
214,torch.Size([3, 512, 512]),torch.Size([1, 512, 512]),786432,262144,False,False
215,torch.Size([3, 512, 512]),torch.Size([1, 512, 512]),786432,262144,False,False
216,torch.Size([3, 512, 512]),torch.Size([1, 512, 512]),786432,262144,False,False
217,torch.Size([3, 512, 512]),torch.Size([1, 512, 512]),786432,262144,False,False
218,torch.Size([3, 512, 512]),torch.Size([1, 512, 512]),786432,262144,False,False
219,torch.Size([3, 512, 512]),torch.Size([1, 512, 512]),786432,262144,False,False
220,torch.Size([3, 512, 512]),torch.Size([1, 512, 512]),786432,262144,False,False
221,torch.Size([3, 512, 512]),torch.Size([1, 512, 512]),786432,262144,False,False
222,torch.Size([3, 512, 512]),torch.Size([1, 512, 512]),786432,262144,False,False
223,torch.Size([3, 512, 512]),torch.Size([1, 512, 512]),786432,262144,False,False
224,torch.Size([3, 512, 512]),torch.Size([1, 512, 512]),786432,262144,False,False
225,torch.Size([3, 512, 512]),torch.Size([1, 512, 512]),786432,262144,False,False
226,torch.Size([3, 512, 512]),torch.Size([1, 512, 512]),786432,262144,False,False
227,torch.Size([3, 512, 512]),torch.Size([1, 512, 512]),786432,262144,False,False
228,torch.Size([3, 512, 512]),torch.Size([1, 512, 512]),786432,262144,False,False
229,torch.Size([3, 512, 512]),torch.Size([1, 512, 512]),786432,262144,False,False
230,torch.Size([3, 512, 512]),torch.Size([1, 512, 512]),786432,262144,False,False
231,torch.Size([3, 512, 512]),torch.Size([1, 512, 512]),786432,262144,False,False
232,torch.Size([3, 512, 512]),torch.Size([1, 512, 512]),786432,262144,False,False
233,torch.Size([3, 512, 512]),torch.Size([1, 512, 512]),786432,262144,False,False
234,torch.Size([3, 512, 512]),torch.Size([1, 512, 512]),786432,262144,False,False
235,torch.Size([3, 512, 512]),torch.Size([1, 512, 512]),786432,262144,False,False
236,torch.Size([3, 512, 512]),torch.Size([1, 512, 512]),786432,262144,False,False
237,torch.Size([3, 512, 512]),torch.Size([1, 512, 512]),786432,262144,False,False
238,torch.Size([3, 512, 512]),torch.Size([1, 512, 512]),786432,262144,False,False
239,torch.Size([3, 512, 512]),torch.Size([1, 512, 512]),786432,262144,False,False
240,torch.Size([3, 512, 512]),torch.Size([1, 512, 512]),786432,262144,False,False
241,torch.Size([3, 512, 512]),torch.Size([1, 512, 512]),786432,262144,False,False
242,torch.Size([3, 512, 512]),torch.Size([1, 512, 512]),786432,262144,False,False
243,torch.Size([3, 512, 512]),torch.Size([1, 512, 512]),786432,262144,False,False
244,torch.Size([3, 512, 512]),torch.Size([1, 512, 512]),786432,262144,False,False
245,torch.Size([3, 512, 512]),torch.Size([1, 512, 512]),786432,262144,False,False
246,torch.Size([3, 512, 512]),torch.Size([1, 512, 512]),786432,262144,False,False
247,torch.Size([3, 512, 512]),torch.Size([1, 512, 512]),786432,262144,False,False
248,torch.Size([3, 512, 512]),torch.Size([1, 512, 512]),786432,262144,False,False
249,torch.Size([3, 512, 512]),torch.Size([1, 512, 512]),786432,262144,False,False
250,torch.Size([3, 512, 512]),torch.Size([1, 512, 512]),786432,262144,False,False
251,torch.Size([3, 512, 512]),torch.Size([1, 512, 512]),786432,262144,False,False
252,torch.Size([3, 512, 512]),torch.Size([1, 512, 512]),786432,262144,False,False
253,torch.Size([3, 512, 512]),torch.Size([1, 512, 512]),786432,262144,False,False
254,torch.Size([3, 512, 512]),torch.Size([1, 512, 512]),786432,262144,False,False
255,torch.Size([3, 512, 512]),torch.Size([1, 512, 512]),786432,262144,False,False
256,torch.Size([3, 512, 512]),torch.Size([1, 512, 512]),786432,262144,False,False
257,torch.Size([3, 512, 512]),torch.Size([1, 512, 512]),786432,262144,False,False
258,torch.Size([3, 512, 512]),torch.Size([1, 512, 512]),786432,262144,False,False
259,torch.Size([3, 512, 512]),torch.Size([1, 512, 512]),786432,262144,False,False
260,torch.Size([3, 512, 512]),torch.Size([1, 512, 512]),786432,262144,False,False
261,torch.Size([3, 512, 512]),torch.Size([1, 512, 512]),786432,262144,False,False
262,torch.Size([3, 512, 512]),torch.Size([1, 512, 512]),786432,262144,False,False
263,torch.Size([3, 512, 512]),torch.Size([1, 512, 512]),786432,262144,False,False
264,torch.Size([3, 512, 512]),torch.Size([1, 512, 512]),786432,262144,False,False
265,torch.Size([3, 512, 512]),torch.Size([1, 512, 512]),786432,262144,False,False
266,torch.Size([3, 512, 512]),torch.Size([1, 512, 512]),786432,262144,False,False
267,torch.Size([3, 512, 512]),torch.Size([1, 512, 512]),786432,262144,False,False
268,torch.Size([3, 512, 512]),torch.Size([1, 512, 512]),786432,262144,False,False
269,torch.Size([3, 512, 512]),torch.Size([1, 512, 512]),786432,262144,False,False
270,torch.Size([3, 512, 512]),torch.Size([1, 512, 512]),786432,262144,False,False
271,torch.Size([3, 512, 512]),torch.Size([1, 512, 512]),786432,262144,False,False
272,torch.Size([3, 512, 512]),torch.Size([1, 512, 512]),786432,262144,False,False
273,torch.Size([3, 512, 512]),torch.Size([1, 512, 512]),786432,262144,False,False
274,torch.Size([3, 512, 512]),torch.Size([1, 512, 512]),786432,262144,False,False
275,torch.Size([3, 512, 512]),torch.Size([1, 512, 512]),786432,262144,False,False
276,torch.Size([3, 512, 512]),torch.Size([1, 512, 512]),786432,262144,False,False
277,torch.Size([3, 512, 512]),torch.Size([1, 512, 512]),786432,262144,False,False
278,torch.Size([3, 512, 512]),torch.Size([1, 512, 512]),786432,262144,False,False
279,torch.Size([3, 512, 512]),torch.Size([1, 512, 512]),786432,262144,False,False
280,torch.Size([3, 512, 512]),torch.Size([1, 512, 512]),786432,262144,False,False
281,torch.Size([3, 512, 512]),torch.Size([1, 512, 512]),786432,262144,False,False
282,torch.Size([3, 512, 512]),torch.Size([1, 512, 512]),786432,262144,False,False
283,torch.Size([3, 512, 512]),torch.Size([1, 512, 512]),786432,262144,False,False
284,torch.Size([3, 512, 512]),torch.Size([1, 512, 512]),786432,262144,False,False
285,torch.Size([3, 512, 512]),torch.Size([1, 512, 512]),786432,262144,False,False
286,torch.Size([3, 512, 512]),torch.Size([1, 512, 512]),786432,262144,False,False
287,torch.Size([3, 512, 512]),torch.Size([1, 512, 512]),786432,262144,False,False
288,torch.Size([3, 512, 512]),torch.Size([1, 512, 512]),786432,262144,False,False
289,torch.Size([3, 512, 512]),torch.Size([1, 512, 512]),786432,262144,False,False
290,torch.Size([3, 512, 512]),torch.Size([1, 512, 512]),786432,262144,False,False
291,torch.Size([3, 512, 512]),torch.Size([1, 512, 512]),786432,262144,False,False
292,torch.Size([3, 512, 512]),torch.Size([1, 512, 512]),786432,262144,False,False
293,torch.Size([3, 512, 512]),torch.Size([1, 512, 512]),786432,262144,False,False
294,torch.Size([3, 512, 512]),torch.Size([1, 512, 512]),786432,262144,False,False
295,torch.Size([3, 512, 512]),torch.Size([1, 512, 512]),786432,262144,False,False
296,torch.Size([3, 512, 512]),torch.Size([1, 512, 512]),786432,262144,False,False
297,torch.Size([3, 512, 512]),torch.Size([1, 512, 512]),786432,262144,False,False
298,torch.Size([3, 512, 512]),torch.Size([1, 512, 512]),786432,262144,False,False
299,torch.Size([3, 512, 512]),torch.Size([1, 512, 512]),786432,262144,False,False
300,torch.Size([3, 512, 512]),torch.Size([1, 512, 512]),786432,262144,False,False
301,torch.Size([3, 512, 512]),torch.Size([1, 512, 512]),786432,262144,False,False
302,torch.Size([3, 512, 512]),torch.Size([1, 512, 512]),786432,262144,False,False
303,torch.Size([3, 512, 512]),torch.Size([1, 512, 512]),786432,262144,False,False
304,torch.Size([3, 512, 512]),torch.Size([1, 512, 512]),786432,262144,False,False
305,torch.Size([3, 512, 512]),torch.Size([1, 512, 512]),786432,262144,False,False
306,torch.Size([3, 512, 512]),torch.Size([1, 512, 512]),786432,262144,False,False
307,torch.Size([3, 512, 512]),torch.Size([1, 512, 512]),786432,262144,False,False
308,torch.Size([3, 512, 512]),torch.Size([1, 512, 512]),786432,262144,False,False
309,torch.Size([3, 512, 512]),torch.Size([1, 512, 512]),786432,262144,False,False
310,torch.Size([3, 512, 512]),torch.Size([1, 512, 512]),786432,262144,False,False
311,torch.Size([3, 512, 512]),torch.Size([1, 512, 512]),786432,262144,False,False
312,torch.Size([3, 512, 512]),torch.Size([1, 512, 512]),786432,262144,False,False
313,torch.Size([3, 512, 512]),torch.Size([1, 512, 512]),786432,262144,False,False
314,torch.Size([3, 512, 512]),torch.Size([1, 512, 512]),786432,262144,False,False
315,torch.Size([3, 512, 512]),torch.Size([1, 512, 512]),786432,262144,False,False
316,torch.Size([3, 512, 512]),torch.Size([1, 512, 512]),786432,262144,False,False
317,torch.Size([3, 512, 512]),torch.Size([1, 512, 512]),786432,262144,False,False
318,torch.Size([3, 512, 512]),torch.Size([1, 512, 512]),786432,262144,False,False
319,torch.Size([3, 512, 512]),torch.Size([1, 512, 512]),786432,262144,False,False
320,torch.Size([3, 512, 512]),torch.Size([1, 512, 512]),786432,262144,False,False
321,torch.Size([3, 512, 512]),torch.Size([1, 512, 512]),786432,262144,False,False
322,torch.Size([3, 512, 512]),torch.Size([1, 512, 512]),786432,262144,False,False
323,torch.Size([3, 512, 512]),torch.Size([1, 512, 512]),786432,262144,False,False
324,torch.Size([3, 512, 512]),torch.Size([1, 512, 512]),786432,262144,False,False
325,torch.Size([3, 512, 512]),torch.Size([1, 512, 512]),786432,262144,False,False
326,torch.Size([3, 512, 512]),torch.Size([1, 512, 512]),786432,262144,False,False
327,torch.Size([3, 512, 512]),torch.Size([1, 512, 512]),786432,262144,False,False
328,torch.Size([3, 512, 512]),torch.Size([1, 512, 512]),786432,262144,False,False
329,torch.Size([3, 512, 512]),torch.Size([1, 512, 512]),786432,262144,False,False
330,torch.Size([3, 512, 512]),torch.Size([1, 512, 512]),786432,262144,False,False
331,torch.Size([3, 512, 512]),torch.Size([1, 512, 512]),786432,262144,False,False
332,torch.Size([3, 512, 512]),torch.Size([1, 512, 512]),786432,262144,False,False
333,torch.Size([3, 512, 512]),torch.Size([1, 512, 512]),786432,262144,False,False
334,torch.Size([3, 512, 512]),torch.Size([1, 512, 512]),786432,262144,False,False
335,torch.Size([3, 512, 512]),torch.Size([1, 512, 512]),786432,262144,False,False
336,torch.Size([3, 512, 512]),torch.Size([1, 512, 512]),786432,262144,False,False
337,torch.Size([3, 512, 512]),torch.Size([1, 512, 512]),786432,262144,False,False
338,torch.Size([3, 512, 512]),torch.Size([1, 512, 512]),786432,262144,False,False
339,torch.Size([3, 512, 512]),torch.Size([1, 512, 512]),786432,262144,False,False
340,torch.Size([3, 512, 512]),torch.Size([1, 512, 512]),786432,262144,False,False
341,torch.Size([3, 512, 512]),torch.Size([1, 512, 512]),786432,262144,False,False
342,torch.Size([3, 512, 512]),torch.Size([1, 512, 512]),786432,262144,False,False
343,torch.Size([3, 512, 512]),torch.Size([1, 512, 512]),786432,262144,False,False
344,torch.Size([3, 512, 512]),torch.Size([1, 512, 512]),786432,262144,False,False
345,torch.Size([3, 512, 512]),torch.Size([1, 512, 512]),786432,262144,False,False
346,torch.Size([3, 512, 512]),torch.Size([1, 512, 512]),786432,262144,False,False
347,torch.Size([3, 512, 512]),torch.Size([1, 512, 512]),786432,262144,False,False
348,torch.Size([3, 512, 512]),torch.Size([1, 512, 512]),786432,262144,False,False
349,torch.Size([3, 512, 512]),torch.Size([1, 512, 512]),786432,262144,False,False
350,torch.Size([3, 512, 512]),torch.Size([1, 512, 512]),786432,262144,False,False
351,torch.Size([3, 512, 512]),torch.Size([1, 512, 512]),786432,262144,False,False
352,torch.Size([3, 512, 512]),torch.Size([1, 512, 512]),786432,262144,False,False
353,torch.Size([3, 512, 512]),torch.Size([1, 512, 512]),786432,262144,False,False
354,torch.Size([3, 512, 512]),torch.Size([1, 512, 512]),786432,262144,False,False
355,torch.Size([3, 512, 512]),torch.Size([1, 512, 512]),786432,262144,False,False
356,torch.Size([3, 512, 512]),torch.Size([1, 512, 512]),786432,262144,False,False
357,torch.Size([3, 512, 512]),torch.Size([1, 512, 512]),786432,262144,False,False
358,torch.Size([3, 512, 512]),torch.Size([1, 512, 512]),786432,262144,False,False
359,torch.Size([3, 512, 512]),torch.Size([1, 512, 512]),786432,262144,False,False
360,torch.Size([3, 512, 512]),torch.Size([1, 512, 512]),786432,262144,False,False
361,torch.Size([3, 512, 512]),torch.Size([1, 512, 512]),786432,262144,False,False
362,torch.Size([3, 512, 512]),torch.Size([1, 512, 512]),786432,262144,False,False
363,torch.Size([3, 512, 512]),torch.Size([1, 512, 512]),786432,262144,False,False
364,torch.Size([3, 512, 512]),torch.Size([1, 512, 512]),786432,262144,False,False
365,torch.Size([3, 512, 512]),torch.Size([1, 512, 512]),786432,262144,False,False
366,torch.Size([3, 512, 512]),torch.Size([1, 512, 512]),786432,262144,False,False
367,torch.Size([3, 512, 512]),torch.Size([1, 512, 512]),786432,262144,False,False
368,torch.Size([3, 512, 512]),torch.Size([1, 512, 512]),786432,262144,False,False
369,torch.Size([3, 512, 512]),torch.Size([1, 512, 512]),786432,262144,False,False
370,torch.Size([3, 512, 512]),torch.Size([1, 512, 512]),786432,262144,False,False
371,torch.Size([3, 512, 512]),torch.Size([1, 512, 512]),786432,262144,False,False
372,torch.Size([3, 512, 512]),torch.Size([1, 512, 512]),786432,262144,False,False
373,torch.Size([3, 512, 512]),torch.Size([1, 512, 512]),786432,262144,False,False
374,torch.Size([3, 512, 512]),torch.Size([1, 512, 512]),786432,262144,False,False
375,torch.Size([3, 512, 512]),torch.Size([1, 512, 512]),786432,262144,False,False
376,torch.Size([3, 512, 512]),torch.Size([1, 512, 512]),786432,262144,False,False
377,torch.Size([3, 512, 512]),torch.Size([1, 512, 512]),786432,262144,False,False
378,torch.Size([3, 512, 512]),torch.Size([1, 512, 512]),786432,262144,False,False
379,torch.Size([3, 512, 512]),torch.Size([1, 512, 512]),786432,262144,False,False
380,torch.Size([3, 512, 512]),torch.Size([1, 512, 512]),786432,262144,False,False
381,torch.Size([3, 512, 512]),torch.Size([1, 512, 512]),786432,262144,False,False
382,torch.Size([3, 512, 512]),torch.Size([1, 512, 512]),786432,262144,False,False
383,torch.Size([3, 512, 512]),torch.Size([1, 512, 512]),786432,262144,False,False
384,torch.Size([3, 512, 512]),torch.Size([1, 512, 512]),786432,262144,False,False
385,torch.Size([3, 512, 512]),torch.Size([1, 512, 512]),786432,262144,False,False
386,torch.Size([3, 512, 512]),torch.Size([1, 512, 512]),786432,262144,False,False
387,torch.Size([3, 512, 512]),torch.Size([1, 512, 512]),786432,262144,False,False
388,torch.Size([3, 512, 512]),torch.Size([1, 512, 512]),786432,262144,False,False
389,torch.Size([3, 512, 512]),torch.Size([1, 512, 512]),786432,262144,False,False
390,torch.Size([3, 512, 512]),torch.Size([1, 512, 512]),786432,262144,False,False
391,torch.Size([3, 512, 512]),torch.Size([1, 512, 512]),786432,262144,False,False
392,torch.Size([3, 512, 512]),torch.Size([1, 512, 512]),786432,262144,False,False
393,torch.Size([3, 512, 512]),torch.Size([1, 512, 512]),786432,262144,False,False
394,torch.Size([3, 512, 512]),torch.Size([1, 512, 512]),786432,262144,False,False
395,torch.Size([3, 512, 512]),torch.Size([1, 512, 512]),786432,262144,False,False
396,torch.Size([3, 512, 512]),torch.Size([1, 512, 512]),786432,262144,False,False
397,torch.Size([3, 512, 512]),torch.Size([1, 512, 512]),786432,262144,False,False
398,torch.Size([3, 512, 512]),torch.Size([1, 512, 512]),786432,262144,False,False
399,torch.Size([3, 512, 512]),torch.Size([1, 512, 512]),786432,262144,False,False
400,torch.Size([3, 512, 512]),torch.Size([1, 512, 512]),786432,262144,False,False
401,torch.Size([3, 512, 512]),torch.Size([1, 512, 512]),786432,262144,False,False
402,torch.Size([3, 512, 512]),torch.Size([1, 512, 512]),786432,262144,False,False
403,torch.Size([3, 512, 512]),torch.Size([1, 512, 512]),786432,262144,False,False
404,torch.Size([3, 512, 512]),torch.Size([1, 512, 512]),786432,262144,False,False
405,torch.Size([3, 512, 512]),torch.Size([1, 512, 512]),786432,262144,False,False
406,torch.Size([3, 512, 512]),torch.Size([1, 512, 512]),786432,262144,False,False
407,torch.Size([3, 512, 512]),torch.Size([1, 512, 512]),786432,262144,False,False
408,torch.Size([3, 512, 512]),torch.Size([1, 512, 512]),786432,262144,False,False
409,torch.Size([3, 512, 512]),torch.Size([1, 512, 512]),786432,262144,False,False
410,torch.Size([3, 512, 512]),torch.Size([1, 512, 512]),786432,262144,False,False
411,torch.Size([3, 512, 512]),torch.Size([1, 512, 512]),786432,262144,False,False
412,torch.Size([3, 512, 512]),torch.Size([1, 512, 512]),786432,262144,False,False
413,torch.Size([3, 512, 512]),torch.Size([1, 512, 512]),786432,262144,False,False
414,torch.Size([3, 512, 512]),torch.Size([1, 512, 512]),786432,262144,False,False
415,torch.Size([3, 512, 512]),torch.Size([1, 512, 512]),786432,262144,False,False
416,torch.Size([3, 512, 512]),torch.Size([1, 512, 512]),786432,262144,False,False
417,torch.Size([3, 512, 512]),torch.Size([1, 512, 512]),786432,262144,False,False
418,torch.Size([3, 512, 512]),torch.Size([1, 512, 512]),786432,262144,False,False
419,torch.Size([3, 512, 512]),torch.Size([1, 512, 512]),786432,262144,False,False
420,torch.Size([3, 512, 512]),torch.Size([1, 512, 512]),786432,262144,False,False
421,torch.Size([3, 512, 512]),torch.Size([1, 512, 512]),786432,262144,False,False
422,torch.Size([3, 512, 512]),torch.Size([1, 512, 512]),786432,262144,False,False
423,torch.Size([3, 512, 512]),torch.Size([1, 512, 512]),786432,262144,False,False
424,torch.Size([3, 512, 512]),torch.Size([1, 512, 512]),786432,262144,False,False
425,torch.Size([3, 512, 512]),torch.Size([1, 512, 512]),786432,262144,False,False
426,torch.Size([3, 512, 512]),torch.Size([1, 512, 512]),786432,262144,False,False
427,torch.Size([3, 512, 512]),torch.Size([1, 512, 512]),786432,262144,False,False
428,torch.Size([3, 512, 512]),torch.Size([1, 512, 512]),786432,262144,False,False
429,torch.Size([3, 512, 512]),torch.Size([1, 512, 512]),786432,262144,False,False
430,torch.Size([3, 512, 512]),torch.Size([1, 512, 512]),786432,262144,False,False
431,torch.Size([3, 512, 512]),torch.Size([1, 512, 512]),786432,262144,False,False
432,torch.Size([3, 512, 512]),torch.Size([1, 512, 512]),786432,262144,False,False
433,torch.Size([3, 512, 512]),torch.Size([1, 512, 512]),786432,262144,False,False
434,torch.Size([3, 512, 512]),torch.Size([1, 512, 512]),786432,262144,False,False
435,torch.Size([3, 512, 512]),torch.Size([1, 512, 512]),786432,262144,False,False
436,torch.Size([3, 512, 512]),torch.Size([1, 512, 512]),786432,262144,False,False
437,torch.Size([3, 512, 512]),torch.Size([1, 512, 512]),786432,262144,False,False
438,torch.Size([3, 512, 512]),torch.Size([1, 512, 512]),786432,262144,False,False
439,torch.Size([3, 512, 512]),torch.Size([1, 512, 512]),786432,262144,False,False
440,torch.Size([3, 512, 512]),torch.Size([1, 512, 512]),786432,262144,False,False
441,torch.Size([3, 512, 512]),torch.Size([1, 512, 512]),786432,262144,False,False
442,torch.Size([3, 512, 512]),torch.Size([1, 512, 512]),786432,262144,False,False
443,torch.Size([3, 512, 512]),torch.Size([1, 512, 512]),786432,262144,False,False
444,torch.Size([3, 512, 512]),torch.Size([1, 512, 512]),786432,262144,False,False
445,torch.Size([3, 512, 512]),torch.Size([1, 512, 512]),786432,262144,False,False
446,torch.Size([3, 512, 512]),torch.Size([1, 512, 512]),786432,262144,False,False
447,torch.Size([3, 512, 512]),torch.Size([1, 512, 512]),786432,262144,False,False
448,torch.Size([3, 512, 512]),torch.Size([1, 512, 512]),786432,262144,False,False
449,torch.Size([3, 512, 512]),torch.Size([1, 512, 512]),786432,262144,False,False
450,torch.Size([3, 512, 512]),torch.Size([1, 512, 512]),786432,262144,False,False
451,torch.Size([3, 512, 512]),torch.Size([1, 512, 512]),786432,262144,False,False
452,torch.Size([3, 512, 512]),torch.Size([1, 512, 512]),786432,262144,False,False
453,torch.Size([3, 512, 512]),torch.Size([1, 512, 512]),786432,262144,False,False
454,torch.Size([3, 512, 512]),torch.Size([1, 512, 512]),786432,262144,False,False
455,torch.Size([3, 512, 512]),torch.Size([1, 512, 512]),786432,262144,False,False
456,torch.Size([3, 512, 512]),torch.Size([1, 512, 512]),786432,262144,False,False
457,torch.Size([3, 512, 512]),torch.Size([1, 512, 512]),786432,262144,False,False
458,torch.Size([3, 512, 512]),torch.Size([1, 512, 512]),786432,262144,False,False
459,torch.Size([3, 512, 512]),torch.Size([1, 512, 512]),786432,262144,False,False
460,torch.Size([3, 512, 512]),torch.Size([1, 512, 512]),786432,262144,False,False
461,torch.Size([3, 512, 512]),torch.Size([1, 512, 512]),786432,262144,False,False
462,torch.Size([3, 512, 512]),torch.Size([1, 512, 512]),786432,262144,False,False
463,torch.Size([3, 512, 512]),torch.Size([1, 512, 512]),786432,262144,False,False
464,torch.Size([3, 512, 512]),torch.Size([1, 512, 512]),786432,262144,False,False
465,torch.Size([3, 512, 512]),torch.Size([1, 512, 512]),786432,262144,False,False
466,torch.Size([3, 512, 512]),torch.Size([1, 512, 512]),786432,262144,False,False
467,torch.Size([3, 512, 512]),torch.Size([1, 512, 512]),786432,262144,False,False
468,torch.Size([3, 512, 512]),torch.Size([1, 512, 512]),786432,262144,False,False
469,torch.Size([3, 512, 512]),torch.Size([1, 512, 512]),786432,262144,False,False
470,torch.Size([3, 512, 512]),torch.Size([1, 512, 512]),786432,262144,False,False
471,torch.Size([3, 512, 512]),torch.Size([1, 512, 512]),786432,262144,False,False
472,torch.Size([3, 512, 512]),torch.Size([1, 512, 512]),786432,262144,False,False
473,torch.Size([3, 512, 512]),torch.Size([1, 512, 512]),786432,262144,False,False
474,torch.Size([3, 512, 512]),torch.Size([1, 512, 512]),786432,262144,False,False
475,torch.Size([3, 512, 512]),torch.Size([1, 512, 512]),786432,262144,False,False
476,torch.Size([3, 512, 512]),torch.Size([1, 512, 512]),786432,262144,False,False
477,torch.Size([3, 512, 512]),torch.Size([1, 512, 512]),786432,262144,False,False
478,torch.Size([3, 512, 512]),torch.Size([1, 512, 512]),786432,262144,False,False
479,torch.Size([3, 512, 512]),torch.Size([1, 512, 512]),786432,262144,False,False
480,torch.Size([3, 512, 512]),torch.Size([1, 512, 512]),786432,262144,False,False
481,torch.Size([3, 512, 512]),torch.Size([1, 512, 512]),786432,262144,False,False
482,torch.Size([3, 512, 512]),torch.Size([1, 512, 512]),786432,262144,False,False
483,torch.Size([3, 512, 512]),torch.Size([1, 512, 512]),786432,262144,False,False
484,torch.Size([3, 512, 512]),torch.Size([1, 512, 512]),786432,262144,False,False
485,torch.Size([3, 512, 512]),torch.Size([1, 512, 512]),786432,262144,False,False
486,torch.Size([3, 512, 512]),torch.Size([1, 512, 512]),786432,262144,False,False
487,torch.Size([3, 512, 512]),torch.Size([1, 512, 512]),786432,262144,False,False
488,torch.Size([3, 512, 512]),torch.Size([1, 512, 512]),786432,262144,False,False
489,torch.Size([3, 512, 512]),torch.Size([1, 512, 512]),786432,262144,False,False
490,torch.Size([3, 512, 512]),torch.Size([1, 512, 512]),786432,262144,False,False
491,torch.Size([3, 512, 512]),torch.Size([1, 512, 512]),786432,262144,False,False
492,torch.Size([3, 512, 512]),torch.Size([1, 512, 512]),786432,262144,False,False
493,torch.Size([3, 512, 512]),torch.Size([1, 512, 512]),786432,262144,False,False
494,torch.Size([3, 512, 512]),torch.Size([1, 512, 512]),786432,262144,False,False
495,torch.Size([3, 512, 512]),torch.Size([1, 512, 512]),786432,262144,False,False
496,torch.Size([3, 512, 512]),torch.Size([1, 512, 512]),786432,262144,False,False
497,torch.Size([3, 512, 512]),torch.Size([1, 512, 512]),786432,262144,False,False
498,torch.Size([3, 512, 512]),torch.Size([1, 512, 512]),786432,262144,False,False
499,torch.Size([3, 512, 512]),torch.Size([1, 512, 512]),786432,262144,False,False
500,torch.Size([3, 512, 512]),torch.Size([1, 512, 512]),786432,262144,False,False
501,torch.Size([3, 512, 512]),torch.Size([1, 512, 512]),786432,262144,False,False
502,torch.Size([3, 512, 512]),torch.Size([1, 512, 512]),786432,262144,False,False
503,torch.Size([3, 512, 512]),torch.Size([1, 512, 512]),786432,262144,False,False
504,torch.Size([3, 512, 512]),torch.Size([1, 512, 512]),786432,262144,False,False
505,torch.Size([3, 512, 512]),torch.Size([1, 512, 512]),786432,262144,False,False
506,torch.Size([3, 512, 512]),torch.Size([1, 512, 512]),786432,262144,False,False
507,torch.Size([3, 512, 512]),torch.Size([1, 512, 512]),786432,262144,False,False
508,torch.Size([3, 512, 512]),torch.Size([1, 512, 512]),786432,262144,False,False
509,torch.Size([3, 512, 512]),torch.Size([1, 512, 512]),786432,262144,False,False
510,torch.Size([3, 512, 512]),torch.Size([1, 512, 512]),786432,262144,False,False
511,torch.Size([3, 512, 512]),torch.Size([1, 512, 512]),786432,262144,False,False
512,torch.Size([3, 512, 512]),torch.Size([1, 512, 512]),786432,262144,False,False
513,torch.Size([3, 512, 512]),torch.Size([1, 512, 512]),786432,262144,False,False
514,torch.Size([3, 512, 512]),torch.Size([1, 512, 512]),786432,262144,False,False
515,torch.Size([3, 512, 512]),torch.Size([1, 512, 512]),786432,262144,False,False
516,torch.Size([3, 512, 512]),torch.Size([1, 512, 512]),786432,262144,False,False
517,torch.Size([3, 512, 512]),torch.Size([1, 512, 512]),786432,262144,False,False
518,torch.Size([3, 512, 512]),torch.Size([1, 512, 512]),786432,262144,False,False
519,torch.Size([3, 512, 512]),torch.Size([1, 512, 512]),786432,262144,False,False
520,torch.Size([3, 512, 512]),torch.Size([1, 512, 512]),786432,262144,False,False
521,torch.Size([3, 512, 512]),torch.Size([1, 512, 512]),786432,262144,False,False
522,torch.Size([3, 512, 512]),torch.Size([1, 512, 512]),786432,262144,False,False
523,torch.Size([3, 512, 512]),torch.Size([1, 512, 512]),786432,262144,False,False
524,torch.Size([3, 512, 512]),torch.Size([1, 512, 512]),786432,262144,False,False
525,torch.Size([3, 512, 512]),torch.Size([1, 512, 512]),786432,262144,False,False
526,torch.Size([3, 512, 512]),torch.Size([1, 512, 512]),786432,262144,False,False
527,torch.Size([3, 512, 512]),torch.Size([1, 512, 512]),786432,262144,False,False
528,torch.Size([3, 512, 512]),torch.Size([1, 512, 512]),786432,262144,False,False
529,torch.Size([3, 512, 512]),torch.Size([1, 512, 512]),786432,262144,False,False
530,torch.Size([3, 512, 512]),torch.Size([1, 512, 512]),786432,262144,False,False
531,torch.Size([3, 512, 512]),torch.Size([1, 512, 512]),786432,262144,False,False
532,torch.Size([3, 512, 512]),torch.Size([1, 512, 512]),786432,262144,False,False
533,torch.Size([3, 512, 512]),torch.Size([1, 512, 512]),786432,262144,False,False
534,torch.Size([3, 512, 512]),torch.Size([1, 512, 512]),786432,262144,False,False
535,torch.Size([3, 512, 512]),torch.Size([1, 512, 512]),786432,262144,False,False
536,torch.Size([3, 512, 512]),torch.Size([1, 512, 512]),786432,262144,False,False
537,torch.Size([3, 512, 512]),torch.Size([1, 512, 512]),786432,262144,False,False
538,torch.Size([3, 512, 512]),torch.Size([1, 512, 512]),786432,262144,False,False
539,torch.Size([3, 512, 512]),torch.Size([1, 512, 512]),786432,262144,False,False
540,torch.Size([3, 452, 512]),torch.Size([1, 452, 512]),694272,231424,False,False
541,torch.Size([3, 261, 313]),torch.Size([1, 261, 313]),245079,81693,False,False
542,torch.Size([3, 512, 512]),torch.Size([1, 512, 512]),786432,262144,False,False
543,torch.Size([3, 512, 512]),torch.Size([1, 512, 512]),786432,262144,False,False
544,torch.Size([3, 512, 512]),torch.Size([1, 512, 512]),786432,262144,False,False
545,torch.Size([3, 512, 512]),torch.Size([1, 512, 512]),786432,262144,False,False
546,torch.Size([3, 512, 512]),torch.Size([1, 512, 512]),786432,262144,False,False
547,torch.Size([3, 512, 512]),torch.Size([1, 512, 512]),786432,262144,False,False
548,torch.Size([3, 512, 512]),torch.Size([1, 512, 512]),786432,262144,False,False
549,torch.Size([3, 512, 512]),torch.Size([1, 512, 512]),786432,262144,False,False
550,torch.Size([3, 512, 512]),torch.Size([1, 512, 512]),786432,262144,False,False
551,torch.Size([3, 512, 512]),torch.Size([1, 512, 512]),786432,262144,False,False
552,torch.Size([3, 512, 512]),torch.Size([1, 512, 512]),786432,262144,False,False
553,torch.Size([3, 512, 512]),torch.Size([1, 512, 512]),786432,262144,False,False
554,torch.Size([3, 512, 512]),torch.Size([1, 512, 512]),786432,262144,False,False
555,torch.Size([3, 512, 512]),torch.Size([1, 512, 512]),786432,262144,False,False
556,torch.Size([3, 512, 512]),torch.Size([1, 512, 512]),786432,262144,False,False
557,torch.Size([3, 512, 512]),torch.Size([1, 512, 512]),786432,262144,False,False
558,torch.Size([3, 512, 512]),torch.Size([1, 512, 512]),786432,262144,False,False
559,torch.Size([3, 512, 512]),torch.Size([1, 512, 512]),786432,262144,False,False
560,torch.Size([3, 512, 512]),torch.Size([1, 512, 512]),786432,262144,False,False
561,torch.Size([3, 512, 512]),torch.Size([1, 512, 512]),786432,262144,False,False
562,torch.Size([3, 512, 512]),torch.Size([1, 512, 512]),786432,262144,False,False
563,torch.Size([3, 512, 512]),torch.Size([1, 512, 512]),786432,262144,False,False
564,torch.Size([3, 512, 512]),torch.Size([1, 512, 512]),786432,262144,False,False
565,torch.Size([3, 512, 512]),torch.Size([1, 512, 512]),786432,262144,False,False
566,torch.Size([3, 512, 512]),torch.Size([1, 512, 512]),786432,262144,False,False
567,torch.Size([3, 512, 512]),torch.Size([1, 512, 512]),786432,262144,False,False
568,torch.Size([3, 512, 512]),torch.Size([1, 512, 512]),786432,262144,False,False
569,torch.Size([3, 512, 512]),torch.Size([1, 512, 512]),786432,262144,False,False
570,torch.Size([3, 512, 512]),torch.Size([1, 512, 512]),786432,262144,False,False
571,torch.Size([3, 512, 512]),torch.Size([1, 512, 512]),786432,262144,False,False
572,torch.Size([3, 512, 512]),torch.Size([1, 512, 512]),786432,262144,False,False
573,torch.Size([3, 512, 512]),torch.Size([1, 512, 512]),786432,262144,False,False
574,torch.Size([3, 512, 512]),torch.Size([1, 512, 512]),786432,262144,False,False
575,torch.Size([3, 512, 512]),torch.Size([1, 512, 512]),786432,262144,False,False
576,torch.Size([3, 512, 512]),torch.Size([1, 512, 512]),786432,262144,False,False
577,torch.Size([3, 512, 512]),torch.Size([1, 512, 512]),786432,262144,False,False
578,torch.Size([3, 512, 512]),torch.Size([1, 512, 512]),786432,262144,False,False
579,torch.Size([3, 512, 512]),torch.Size([1, 512, 512]),786432,262144,False,False
580,torch.Size([3, 512, 512]),torch.Size([1, 512, 512]),786432,262144,False,False
581,torch.Size([3, 512, 512]),torch.Size([1, 512, 512]),786432,262144,False,False
582,torch.Size([3, 512, 512]),torch.Size([1, 512, 512]),786432,262144,False,False
583,torch.Size([3, 512, 512]),torch.Size([1, 512, 512]),786432,262144,False,False
584,torch.Size([3, 512, 512]),torch.Size([1, 512, 512]),786432,262144,False,False
585,torch.Size([3, 512, 512]),torch.Size([1, 512, 512]),786432,262144,False,False
586,torch.Size([3, 512, 512]),torch.Size([1, 512, 512]),786432,262144,False,False
587,torch.Size([3, 512, 512]),torch.Size([1, 512, 512]),786432,262144,False,False
588,torch.Size([3, 512, 512]),torch.Size([1, 512, 512]),786432,262144,False,False
589,torch.Size([3, 512, 512]),torch.Size([1, 512, 512]),786432,262144,False,False
590,torch.Size([3, 512, 512]),torch.Size([1, 512, 512]),786432,262144,False,False
591,torch.Size([3, 512, 512]),torch.Size([1, 512, 512]),786432,262144,False,False
592,torch.Size([3, 512, 512]),torch.Size([1, 512, 512]),786432,262144,False,False
593,torch.Size([3, 512, 512]),torch.Size([1, 512, 512]),786432,262144,False,False
594,torch.Size([3, 512, 512]),torch.Size([1, 512, 512]),786432,262144,False,False
595,torch.Size([3, 512, 512]),torch.Size([1, 512, 512]),786432,262144,False,False
596,torch.Size([3, 512, 512]),torch.Size([1, 512, 512]),786432,262144,False,False
597,torch.Size([3, 512, 512]),torch.Size([1, 512, 512]),786432,262144,False,False
598,torch.Size([3, 512, 512]),torch.Size([1, 512, 512]),786432,262144,False,False
599,torch.Size([3, 512, 512]),torch.Size([1, 512, 512]),786432,262144,False,False
600,torch.Size([3, 512, 512]),torch.Size([1, 512, 512]),786432,262144,False,False
601,torch.Size([3, 512, 512]),torch.Size([1, 512, 512]),786432,262144,False,False
602,torch.Size([3, 512, 512]),torch.Size([1, 512, 512]),786432,262144,False,False
603,torch.Size([3, 512, 512]),torch.Size([1, 512, 512]),786432,262144,False,False
604,torch.Size([3, 512, 512]),torch.Size([1, 512, 512]),786432,262144,False,False
605,torch.Size([3, 512, 512]),torch.Size([1, 512, 512]),786432,262144,False,False
606,torch.Size([3, 512, 512]),torch.Size([1, 512, 512]),786432,262144,False,False
607,torch.Size([3, 512, 512]),torch.Size([1, 512, 512]),786432,262144,False,False
608,torch.Size([3, 512, 512]),torch.Size([1, 512, 512]),786432,262144,False,False
609,torch.Size([3, 512, 512]),torch.Size([1, 512, 512]),786432,262144,False,False
610,torch.Size([3, 512, 512]),torch.Size([1, 512, 512]),786432,262144,False,False
611,torch.Size([3, 512, 512]),torch.Size([1, 512, 512]),786432,262144,False,False
612,torch.Size([3, 512, 512]),torch.Size([1, 512, 512]),786432,262144,False,False
613,torch.Size([3, 512, 512]),torch.Size([1, 512, 512]),786432,262144,False,False
614,torch.Size([3, 512, 512]),torch.Size([1, 512, 512]),786432,262144,False,False
615,torch.Size([3, 512, 512]),torch.Size([1, 512, 512]),786432,262144,False,False
616,torch.Size([3, 512, 512]),torch.Size([1, 512, 512]),786432,262144,False,False
617,torch.Size([3, 512, 512]),torch.Size([1, 512, 512]),786432,262144,False,False
618,torch.Size([3, 512, 512]),torch.Size([1, 512, 512]),786432,262144,False,False
619,torch.Size([3, 512, 512]),torch.Size([1, 512, 512]),786432,262144,False,False
620,torch.Size([3, 512, 512]),torch.Size([1, 512, 512]),786432,262144,False,False
621,torch.Size([3, 477, 512]),torch.Size([1, 477, 512]),732672,244224,False,False
622,torch.Size([3, 430, 512]),torch.Size([1, 430, 512]),660480,220160,False,False
623,torch.Size([3, 512, 512]),torch.Size([1, 512, 512]),786432,262144,False,False
624,torch.Size([3, 512, 512]),torch.Size([1, 512, 512]),786432,262144,False,False
625,torch.Size([3, 512, 512]),torch.Size([1, 512, 512]),786432,262144,False,False
626,torch.Size([3, 512, 512]),torch.Size([1, 512, 512]),786432,262144,False,False
627,torch.Size([3, 512, 512]),torch.Size([1, 512, 512]),786432,262144,False,False
628,torch.Size([3, 512, 512]),torch.Size([1, 512, 512]),786432,262144,False,False
629,torch.Size([3, 512, 512]),torch.Size([1, 512, 512]),786432,262144,False,False
630,torch.Size([3, 512, 512]),torch.Size([1, 512, 512]),786432,262144,False,False
631,torch.Size([3, 512, 512]),torch.Size([1, 512, 512]),786432,262144,False,False
632,torch.Size([3, 512, 512]),torch.Size([1, 512, 512]),786432,262144,False,False
633,torch.Size([3, 512, 512]),torch.Size([1, 512, 512]),786432,262144,False,False
634,torch.Size([3, 512, 512]),torch.Size([1, 512, 512]),786432,262144,False,False
635,torch.Size([3, 512, 512]),torch.Size([1, 512, 512]),786432,262144,False,False
636,torch.Size([3, 512, 512]),torch.Size([1, 512, 512]),786432,262144,False,False
637,torch.Size([3, 512, 512]),torch.Size([1, 512, 512]),786432,262144,False,False
638,torch.Size([3, 512, 512]),torch.Size([1, 512, 512]),786432,262144,False,False
